Odkaz,Zápas,Domácí,Hosté,SkóreFT,SkóreHT,Diváků
http://www.gambrinusliga.cz/c/kao/000_vysledky/001/001A1A0101_Zapis.html,A1A0101,Bohemians 1905,Slavia Praha,2:0,2:0,7545
http://www.gambrinusliga.cz/c/kao/000_vysledky/001/001A1A0102_Zapis.html,A1A0102,Dukla Praha,Sigma Olomouc,0:0,0:0,3857
http://www.gambrinusliga.cz/c/kao/000_vysledky/001/001A1A0103_Zapis.html,A1A0103,Jablonec,Mladá Boleslav,0:0,0:0,3120
http://www.gambrinusliga.cz/c/kao/000_vysledky/001/001A1A0104_Zapis.html,A1A0104,České Budějovice,Sparta Praha,2:4,0:1,6029
http://www.gambrinusliga.cz/c/kao/000_vysledky/001/001A1A0105_Zapis.html,A1A0105,Baník Ostrava,Teplice,3:4,3:3,4458
http://www.gambrinusliga.cz/c/kao/000_vysledky/001/001A1A0106_Zapis.html,A1A0106,Slovácko,Příbram,2:3,0:0,4823
http://www.gambrinusliga.cz/c/kao/000_vysledky/001/001A1A0107_Zapis.html,A1A0107,Viktoria Plzeň,Slovan Liberec,2:2,2:1,3740
http://www.gambrinusliga.cz/c/kao/000_vysledky/001/001A1A0108_Zapis.html,A1A0108,Hradec Králové,Viktoria Žižkov,1:0,1:0,5820
http://www.gambrinusliga.cz/c/kao/000_vysledky/001/001A1A0201_Zapis.html,A1A0201,Bohemians 1905,Viktoria Plzeň,2:1,1:1,3023
http://www.gambrinusliga.cz/c/kao/000_vysledky/001/001A1A0202_Zapis.html,A1A0202,Dukla Praha,České Budějovice,4:2,1:1,2123
http://www.gambrinusliga.cz/c/kao/000_vysledky/001/001A1A0203_Zapis.html,A1A0203,Slovan Liberec,Slavia Praha,2:1,2:0,7967
http://www.gambrinusliga.cz/c/kao/000_vysledky/001/001A1A0204_Zapis.html,A1A0204,Příbram,Viktoria Žižkov,2:1,0:1,3272
http://www.gambrinusliga.cz/c/kao/000_vysledky/001/001A1A0205_Zapis.html,A1A0205,Teplice,Hradec Králové,0:3,0:2,3962
http://www.gambrinusliga.cz/c/kao/000_vysledky/001/001A1A0206_Zapis.html,A1A0206,Mladá Boleslav,Slovácko,1:0,0:0,2614
http://www.gambrinusliga.cz/c/kao/000_vysledky/001/001A1A0207_Zapis.html,A1A0207,Sigma Olomouc,Baník Ostrava,3:0,2:0,5379
http://www.gambrinusliga.cz/c/kao/000_vysledky/001/001A1A0208_Zapis.html,A1A0208,Sparta Praha,Jablonec,2:1,2:1,9913
http://www.gambrinusliga.cz/c/kao/000_vysledky/001/001A1A0301_Zapis.html,A1A0301,Jablonec,Bohemians 1905,5:0,2:0,4155
http://www.gambrinusliga.cz/c/kao/000_vysledky/001/001A1A0302_Zapis.html,A1A0302,České Budějovice,Sigma Olomouc,1:2,0:0,2682
http://www.gambrinusliga.cz/c/kao/000_vysledky/001/001A1A0303_Zapis.html,A1A0303,Baník Ostrava,Mladá Boleslav,1:4,0:1,2913
http://www.gambrinusliga.cz/c/kao/000_vysledky/001/001A1A0304_Zapis.html,A1A0304,Slovácko,Sparta Praha,0:2,0:1,7638
http://www.gambrinusliga.cz/c/kao/000_vysledky/001/001A1A0305_Zapis.html,A1A0305,Viktoria Plzeň,Teplice,2:0,0:0,5213
http://www.gambrinusliga.cz/c/kao/000_vysledky/001/001A1A0306_Zapis.html,A1A0306,Hradec Králové,Slovan Liberec,0:3,0:0,7220
http://www.gambrinusliga.cz/c/kao/000_vysledky/001/001A1A0307_Zapis.html,A1A0307,Slavia Praha,Příbram,3:1,1:1,80
http://www.gambrinusliga.cz/c/kao/000_vysledky/001/001A1A0308_Zapis.html,A1A0308,Viktoria Žižkov,Dukla Praha,1:0,1:0,4081
http://www.gambrinusliga.cz/c/kao/000_vysledky/001/001A1A0401_Zapis.html,A1A0401,Bohemians 1905,České Budějovice,2:1,1:0,2218
http://www.gambrinusliga.cz/c/kao/000_vysledky/001/001A1A0402_Zapis.html,A1A0402,Dukla Praha,Viktoria Plzeň,2:4,0:2,2857
http://www.gambrinusliga.cz/c/kao/000_vysledky/001/001A1A0403_Zapis.html,A1A0403,Jablonec,Baník Ostrava,4:0,4:0,3650
http://www.gambrinusliga.cz/c/kao/000_vysledky/001/001A1A0404_Zapis.html,A1A0404,Příbram,Slovan Liberec,2:3,1:0,2938
http://www.gambrinusliga.cz/c/kao/000_vysledky/001/001A1A0405_Zapis.html,A1A0405,Teplice,Slavia Praha,0:0,0:0,8586
http://www.gambrinusliga.cz/c/kao/000_vysledky/001/001A1A0406_Zapis.html,A1A0406,Mladá Boleslav,Viktoria Žižkov,2:0,2:0,3516
http://www.gambrinusliga.cz/c/kao/000_vysledky/001/001A1A0407_Zapis.html,A1A0407,Sigma Olomouc,Slovácko,1:1,0:0,5967
http://www.gambrinusliga.cz/c/kao/000_vysledky/001/001A1A0408_Zapis.html,A1A0408,Sparta Praha,Hradec Králové,1:0,1:0,10501
http://www.gambrinusliga.cz/c/kao/000_vysledky/001/001A1A0501_Zapis.html,A1A0501,České Budějovice,Jablonec,1:5,1:2,2678
http://www.gambrinusliga.cz/c/kao/000_vysledky/001/001A1A0502_Zapis.html,A1A0502,Baník Ostrava,Bohemians 1905,0:1,0:1,4309
http://www.gambrinusliga.cz/c/kao/000_vysledky/001/001A1A0503_Zapis.html,A1A0503,Slovácko,Dukla Praha,1:0,0:0,4576
http://www.gambrinusliga.cz/c/kao/000_vysledky/001/001A1A0504_Zapis.html,A1A0504,Viktoria Plzeň,Sparta Praha,0:2,0:2,8415
http://www.gambrinusliga.cz/c/kao/000_vysledky/001/001A1A0505_Zapis.html,A1A0505,Hradec Králové,Příbram,0:1,0:0,5036
http://www.gambrinusliga.cz/c/kao/000_vysledky/001/001A1A0506_Zapis.html,A1A0506,Slavia Praha,Mladá Boleslav,1:1,1:0,7158
http://www.gambrinusliga.cz/c/kao/000_vysledky/001/001A1A0507_Zapis.html,A1A0507,Viktoria Žižkov,Sigma Olomouc,2:2,2:1,2460
http://www.gambrinusliga.cz/c/kao/000_vysledky/001/001A1A0508_Zapis.html,A1A0508,Slovan Liberec,Teplice,0:2,0:0,4750
http://www.gambrinusliga.cz/c/kao/000_vysledky/001/001A1A0601_Zapis.html,A1A0601,Bohemians 1905,Slovácko,1:1,0:0,2329
http://www.gambrinusliga.cz/c/kao/000_vysledky/001/001A1A0602_Zapis.html,A1A0602,Dukla Praha,Hradec Králové,4:0,1:0,1875
http://www.gambrinusliga.cz/c/kao/000_vysledky/001/001A1A0603_Zapis.html,A1A0603,Jablonec,Slavia Praha,4:0,1:0,5450
http://www.gambrinusliga.cz/c/kao/000_vysledky/001/001A1A0604_Zapis.html,A1A0604,České Budějovice,Baník Ostrava,0:0,0:0,3314
http://www.gambrinusliga.cz/c/kao/000_vysledky/001/001A1A0605_Zapis.html,A1A0605,Teplice,Příbram,2:1,0:0,3920
http://www.gambrinusliga.cz/c/kao/000_vysledky/001/001A1A0606_Zapis.html,A1A0606,Mladá Boleslav,Slovan Liberec,1:4,0:2,2741
http://www.gambrinusliga.cz/c/kao/000_vysledky/001/001A1A0607_Zapis.html,A1A0607,Sigma Olomouc,Viktoria Plzeň,2:3,1:2,7144
http://www.gambrinusliga.cz/c/kao/000_vysledky/001/001A1A0608_Zapis.html,A1A0608,Sparta Praha,Viktoria Žižkov,4:1,2:0,10601
http://www.gambrinusliga.cz/c/kao/000_vysledky/001/001A1A0701_Zapis.html,A1A0701,Baník Ostrava,Sparta Praha,0:2,0:1,7099
http://www.gambrinusliga.cz/c/kao/000_vysledky/001/001A1A0702_Zapis.html,A1A0702,Slovácko,České Budějovice,2:0,0:0,4950
http://www.gambrinusliga.cz/c/kao/000_vysledky/001/001A1A0703_Zapis.html,A1A0703,Viktoria Plzeň,Jablonec,4:2,1:2,5810
http://www.gambrinusliga.cz/c/kao/000_vysledky/001/001A1A0704_Zapis.html,A1A0704,Hradec Králové,Bohemians 1905,2:0,1:0,4890
http://www.gambrinusliga.cz/c/kao/000_vysledky/001/001A1A0705_Zapis.html,A1A0705,Slavia Praha,Dukla Praha,0:0,0:0,6671
http://www.gambrinusliga.cz/c/kao/000_vysledky/001/001A1A0706_Zapis.html,A1A0706,Viktoria Žižkov,Teplice,0:1,0:0,3112
http://www.gambrinusliga.cz/c/kao/000_vysledky/001/001A1A0707_Zapis.html,A1A0707,Slovan Liberec,Sigma Olomouc,1:1,1:1,4930
http://www.gambrinusliga.cz/c/kao/000_vysledky/001/001A1A0708_Zapis.html,A1A0708,Příbram,Mladá Boleslav,2:0,2:0,2916
http://www.gambrinusliga.cz/c/kao/000_vysledky/001/001A1A0801_Zapis.html,A1A0801,Bohemians 1905,Slovan Liberec,1:1,1:1,2666
http://www.gambrinusliga.cz/c/kao/000_vysledky/001/001A1A0802_Zapis.html,A1A0802,Dukla Praha,Příbram,2:1,1:1,1858
http://www.gambrinusliga.cz/c/kao/000_vysledky/001/001A1A0803_Zapis.html,A1A0803,Jablonec,Viktoria Žižkov,3:1,1:1,4050
http://www.gambrinusliga.cz/c/kao/000_vysledky/001/001A1A0804_Zapis.html,A1A0804,České Budějovice,Viktoria Plzeň,0:0,0:0,3295
http://www.gambrinusliga.cz/c/kao/000_vysledky/001/001A1A0805_Zapis.html,A1A0805,Baník Ostrava,Slovácko,0:1,0:0,4357
http://www.gambrinusliga.cz/c/kao/000_vysledky/001/001A1A0806_Zapis.html,A1A0806,Mladá Boleslav,Hradec Králové,1:1,0:0,3158
http://www.gambrinusliga.cz/c/kao/000_vysledky/001/001A1A0807_Zapis.html,A1A0807,Sigma Olomouc,Teplice,1:0,0:0,4660
http://www.gambrinusliga.cz/c/kao/000_vysledky/001/001A1A0808_Zapis.html,A1A0808,Sparta Praha,Slavia Praha,3:0,2:0,18299
http://www.gambrinusliga.cz/c/kao/000_vysledky/001/001A1A0901_Zapis.html,A1A0901,Slovácko,Jablonec,1:0,0:0,4458
http://www.gambrinusliga.cz/c/kao/000_vysledky/001/001A1A0902_Zapis.html,A1A0902,Viktoria Plzeň,Baník Ostrava,1:1,1:1,6085
http://www.gambrinusliga.cz/c/kao/000_vysledky/001/001A1A0903_Zapis.html,A1A0903,Hradec Králové,České Budějovice,0:0,0:0,4650
http://www.gambrinusliga.cz/c/kao/000_vysledky/001/001A1A0904_Zapis.html,A1A0904,Slavia Praha,Sigma Olomouc,1:0,1:0,5287
http://www.gambrinusliga.cz/c/kao/000_vysledky/001/001A1A0905_Zapis.html,A1A0905,Viktoria Žižkov,Bohemians 1905,0:1,0:0,4380
http://www.gambrinusliga.cz/c/kao/000_vysledky/001/001A1A0906_Zapis.html,A1A0906,Slovan Liberec,Dukla Praha,1:2,1:0,5320
http://www.gambrinusliga.cz/c/kao/000_vysledky/001/001A1A0907_Zapis.html,A1A0907,Příbram,Sparta Praha,0:3,0:2,6621
http://www.gambrinusliga.cz/c/kao/000_vysledky/001/001A1A0908_Zapis.html,A1A0908,Teplice,Mladá Boleslav,1:3,1:1,3890
http://www.gambrinusliga.cz/c/kao/000_vysledky/001/001A1A1001_Zapis.html,A1A1001,Bohemians 1905,Dukla Praha,0:0,0:0,3101
http://www.gambrinusliga.cz/c/kao/000_vysledky/001/001A1A1002_Zapis.html,A1A1002,Jablonec,Příbram,5:1,3:0,3150
http://www.gambrinusliga.cz/c/kao/000_vysledky/001/001A1A1003_Zapis.html,A1A1003,České Budějovice,Teplice,1:1,0:1,2371
http://www.gambrinusliga.cz/c/kao/000_vysledky/001/001A1A1004_Zapis.html,A1A1004,Baník Ostrava,Hradec Králové,1:0,0:0,4484
http://www.gambrinusliga.cz/c/kao/000_vysledky/001/001A1A1005_Zapis.html,A1A1005,Slovácko,Viktoria Plzeň,1:3,1:2,5895
http://www.gambrinusliga.cz/c/kao/000_vysledky/001/001A1A1006_Zapis.html,A1A1006,Viktoria Žižkov,Slavia Praha,1:0,1:0,5200
http://www.gambrinusliga.cz/c/kao/000_vysledky/001/001A1A1007_Zapis.html,A1A1007,Sigma Olomouc,Mladá Boleslav,1:1,1:1,4727
http://www.gambrinusliga.cz/c/kao/000_vysledky/001/001A1A1008_Zapis.html,A1A1008,Sparta Praha,Slovan Liberec,0:3,0:2,12305
http://www.gambrinusliga.cz/c/kao/000_vysledky/001/001A1A1101_Zapis.html,A1A1101,Dukla Praha,Jablonec,1:3,1:0,1156
http://www.gambrinusliga.cz/c/kao/000_vysledky/001/001A1A1102_Zapis.html,A1A1102,Viktoria Plzeň,Viktoria Žižkov,4:1,0:0,5736
http://www.gambrinusliga.cz/c/kao/000_vysledky/001/001A1A1103_Zapis.html,A1A1103,Hradec Králové,Slovácko,0:1,0:1,3506
http://www.gambrinusliga.cz/c/kao/000_vysledky/001/001A1A1104_Zapis.html,A1A1104,Slavia Praha,České Budějovice,2:0,0:0,5682
http://www.gambrinusliga.cz/c/kao/000_vysledky/001/001A1A1105_Zapis.html,A1A1105,Slovan Liberec,Baník Ostrava,3:2,2:1,3812
http://www.gambrinusliga.cz/c/kao/000_vysledky/001/001A1A1106_Zapis.html,A1A1106,Příbram,Sigma Olomouc,4:1,1:0,2186
http://www.gambrinusliga.cz/c/kao/000_vysledky/001/001A1A1107_Zapis.html,A1A1107,Teplice,Sparta Praha,0:1,0:1,5950
http://www.gambrinusliga.cz/c/kao/000_vysledky/001/001A1A1108_Zapis.html,A1A1108,Mladá Boleslav,Bohemians 1905,2:0,1:0,3164
http://www.gambrinusliga.cz/c/kao/000_vysledky/001/001A1A1201_Zapis.html,A1A1201,Bohemians 1905,Sigma Olomouc,1:1,1:1,1864
http://www.gambrinusliga.cz/c/kao/000_vysledky/001/001A1A1202_Zapis.html,A1A1202,Jablonec,Teplice,0:1,0:0,3130
http://www.gambrinusliga.cz/c/kao/000_vysledky/001/001A1A1203_Zapis.html,A1A1203,České Budějovice,Příbram,4:1,3:0,2312
http://www.gambrinusliga.cz/c/kao/000_vysledky/001/001A1A1204_Zapis.html,A1A1204,Baník Ostrava,Dukla Praha,1:2,1:1,3582
http://www.gambrinusliga.cz/c/kao/000_vysledky/001/001A1A1205_Zapis.html,A1A1205,Slovácko,Slavia Praha,1:3,0:3,5568
http://www.gambrinusliga.cz/c/kao/000_vysledky/001/001A1A1206_Zapis.html,A1A1206,Viktoria Plzeň,Hradec Králové,5:0,1:0,5811
http://www.gambrinusliga.cz/c/kao/000_vysledky/001/001A1A1207_Zapis.html,A1A1207,Viktoria Žižkov,Slovan Liberec,1:4,0:2,2367
http://www.gambrinusliga.cz/c/kao/000_vysledky/001/001A1A1208_Zapis.html,A1A1208,Sparta Praha,Mladá Boleslav,0:3,0:1,7307
http://www.gambrinusliga.cz/c/kao/000_vysledky/001/001A1A1301_Zapis.html,A1A1301,Hradec Králové,Jablonec,0:0,0:0,2758
http://www.gambrinusliga.cz/c/kao/000_vysledky/001/001A1A1302_Zapis.html,A1A1302,Slavia Praha,Viktoria Plzeň,2:1,2:1,8545
http://www.gambrinusliga.cz/c/kao/000_vysledky/001/001A1A1303_Zapis.html,A1A1303,Viktoria Žižkov,Baník Ostrava,0:3,0:0,2485
http://www.gambrinusliga.cz/c/kao/000_vysledky/001/001A1A1304_Zapis.html,A1A1304,Slovan Liberec,České Budějovice,4:0,3:0,3988
http://www.gambrinusliga.cz/c/kao/000_vysledky/001/001A1A1305_Zapis.html,A1A1305,Příbram,Bohemians 1905,3:0,1:0,3326
http://www.gambrinusliga.cz/c/kao/000_vysledky/001/001A1A1306_Zapis.html,A1A1306,Teplice,Slovácko,2:1,1:0,3012
http://www.gambrinusliga.cz/c/kao/000_vysledky/001/001A1A1307_Zapis.html,A1A1307,Mladá Boleslav,Dukla Praha,3:1,1:1,4047
http://www.gambrinusliga.cz/c/kao/000_vysledky/001/001A1A1308_Zapis.html,A1A1308,Sigma Olomouc,Sparta Praha,0:1,0:1,8094
http://www.gambrinusliga.cz/c/kao/000_vysledky/001/001A1A1401_Zapis.html,A1A1401,Bohemians 1905,Sparta Praha,0:4,0:1,4382
http://www.gambrinusliga.cz/c/kao/000_vysledky/001/001A1A1402_Zapis.html,A1A1402,Dukla Praha,Teplice,0:0,0:0,1432
http://www.gambrinusliga.cz/c/kao/000_vysledky/001/001A1A1403_Zapis.html,A1A1403,Jablonec,Sigma Olomouc,2:0,0:0,1950
http://www.gambrinusliga.cz/c/kao/000_vysledky/001/001A1A1404_Zapis.html,A1A1404,České Budějovice,Viktoria Žižkov,1:0,0:0,2319
http://www.gambrinusliga.cz/c/kao/000_vysledky/001/001A1A1405_Zapis.html,A1A1405,Baník Ostrava,Příbram,0:2,0:0,3074
http://www.gambrinusliga.cz/c/kao/000_vysledky/001/001A1A1406_Zapis.html,A1A1406,Slovácko,Slovan Liberec,1:2,1:1,4529
http://www.gambrinusliga.cz/c/kao/000_vysledky/001/001A1A1407_Zapis.html,A1A1407,Viktoria Plzeň,Mladá Boleslav,3:2,3:1,5835
http://www.gambrinusliga.cz/c/kao/000_vysledky/001/001A1A1408_Zapis.html,A1A1408,Hradec Králové,Slavia Praha,1:1,0:1,6543
http://www.gambrinusliga.cz/c/kao/000_vysledky/001/001A1A1501_Zapis.html,A1A1501,Slavia Praha,Baník Ostrava,0:0,0:0,3975
http://www.gambrinusliga.cz/c/kao/000_vysledky/001/001A1A1502_Zapis.html,A1A1502,Viktoria Žižkov,Slovácko,0:1,0:1,2315
http://www.gambrinusliga.cz/c/kao/000_vysledky/001/001A1A1503_Zapis.html,A1A1503,Slovan Liberec,Jablonec,2:2,0:1,5926
http://www.gambrinusliga.cz/c/kao/000_vysledky/001/001A1A1504_Zapis.html,A1A1504,Příbram,Viktoria Plzeň,2:1,1:0,6141
http://www.gambrinusliga.cz/c/kao/000_vysledky/001/001A1A1505_Zapis.html,A1A1505,Teplice,Bohemians 1905,2:0,1:0,3220
http://www.gambrinusliga.cz/c/kao/000_vysledky/001/001A1A1506_Zapis.html,A1A1506,Mladá Boleslav,České Budějovice,3:1,2:0,3394
http://www.gambrinusliga.cz/c/kao/000_vysledky/001/001A1A1507_Zapis.html,A1A1507,Sigma Olomouc,Hradec Králové,0:2,0:0,4029
http://www.gambrinusliga.cz/c/kao/000_vysledky/001/001A1A1508_Zapis.html,A1A1508,Sparta Praha,Dukla Praha,0:0,0:0,7454
http://www.gambrinusliga.cz/c/kao/000_vysledky/001/001A1A1601_Zapis.html,A1A1601,Jablonec,Sparta Praha,2:4,2:2,5085
http://www.gambrinusliga.cz/c/kao/000_vysledky/001/001A1A1602_Zapis.html,A1A1602,České Budějovice,Dukla Praha,3:2,2:0,2343
http://www.gambrinusliga.cz/c/kao/000_vysledky/001/001A1A1603_Zapis.html,A1A1603,Baník Ostrava,Sigma Olomouc,0:0,0:0,4035
http://www.gambrinusliga.cz/c/kao/000_vysledky/001/001A1A1604_Zapis.html,A1A1604,Slovácko,Mladá Boleslav,1:0,1:0,4055
http://www.gambrinusliga.cz/c/kao/000_vysledky/001/001A1A1605_Zapis.html,A1A1605,Viktoria Plzeň,Bohemians 1905,4:1,3:1,6090
http://www.gambrinusliga.cz/c/kao/000_vysledky/001/001A1A1606_Zapis.html,A1A1606,Hradec Králové,Teplice,3:2,1:1,2890
http://www.gambrinusliga.cz/c/kao/000_vysledky/001/001A1A1607_Zapis.html,A1A1607,Slavia Praha,Slovan Liberec,1:3,0:2,4851
http://www.gambrinusliga.cz/c/kao/000_vysledky/001/001A1A1608_Zapis.html,A1A1608,Viktoria Žižkov,Příbram,1:2,0:0,1948
http://www.gambrinusliga.cz/c/kao/000_vysledky/001/001A1A1701_Zapis.html,A1A1701,Bohemians 1905,Jablonec,1:2,0:1,2199
http://www.gambrinusliga.cz/c/kao/000_vysledky/001/001A1A1702_Zapis.html,A1A1702,Dukla Praha,Viktoria Žižkov,3:0,3:0,1254
http://www.gambrinusliga.cz/c/kao/000_vysledky/001/001A1A1703_Zapis.html,A1A1703,Slovan Liberec,Hradec Králové,3:1,1:0,3897
http://www.gambrinusliga.cz/c/kao/000_vysledky/001/001A1A1704_Zapis.html,A1A1704,Příbram,Slavia Praha,0:0,0:0,3336
http://www.gambrinusliga.cz/c/kao/000_vysledky/001/001A1A1705_Zapis.html,A1A1705,Teplice,Viktoria Plzeň,3:4,1:1,3350
http://www.gambrinusliga.cz/c/kao/000_vysledky/001/001A1A1706_Zapis.html,A1A1706,Mladá Boleslav,Baník Ostrava,2:1,2:0,3850
http://www.gambrinusliga.cz/c/kao/000_vysledky/001/001A1A1707_Zapis.html,A1A1707,Sigma Olomouc,České Budějovice,0:0,0:0,5677
http://www.gambrinusliga.cz/c/kao/000_vysledky/001/001A1A1708_Zapis.html,A1A1708,Sparta Praha,Slovácko,1:0,1:0,8362
http://www.gambrinusliga.cz/c/kao/000_vysledky/001/001A1A1801_Zapis.html,A1A1801,České Budějovice,Bohemians 1905,3:1,2:0,3682
http://www.gambrinusliga.cz/c/kao/000_vysledky/001/001A1A1802_Zapis.html,A1A1802,Baník Ostrava,Jablonec,2:2,2:1,7102
http://www.gambrinusliga.cz/c/kao/000_vysledky/001/001A1A1803_Zapis.html,A1A1803,Slovácko,Sigma Olomouc,0:1,0:0,5035
http://www.gambrinusliga.cz/c/kao/000_vysledky/001/001A1A1804_Zapis.html,A1A1804,Viktoria Plzeň,Dukla Praha,1:1,1:0,6441
http://www.gambrinusliga.cz/c/kao/000_vysledky/001/001A1A1805_Zapis.html,A1A1805,Hradec Králové,Sparta Praha,1:0,0:0,6300
http://www.gambrinusliga.cz/c/kao/000_vysledky/001/001A1A1806_Zapis.html,A1A1806,Slavia Praha,Teplice,0:0,0:0,4476
http://www.gambrinusliga.cz/c/kao/000_vysledky/001/001A1A1807_Zapis.html,A1A1807,Viktoria Žižkov,Mladá Boleslav,1:2,1:1,1856
http://www.gambrinusliga.cz/c/kao/000_vysledky/001/001A1A1808_Zapis.html,A1A1808,Slovan Liberec,Příbram,2:0,2:0,3965
http://www.gambrinusliga.cz/c/kao/000_vysledky/001/001A1A1901_Zapis.html,A1A1901,Bohemians 1905,Baník Ostrava,0:1,0:1,3254
http://www.gambrinusliga.cz/c/kao/000_vysledky/001/001A1A1902_Zapis.html,A1A1902,Dukla Praha,Slovácko,2:0,1:0,1870
http://www.gambrinusliga.cz/c/kao/000_vysledky/001/001A1A1903_Zapis.html,A1A1903,Jablonec,České Budějovice,1:1,1:1,2865
http://www.gambrinusliga.cz/c/kao/000_vysledky/001/001A1A1904_Zapis.html,A1A1904,Příbram,Hradec Králové,0:0,0:0,2257
http://www.gambrinusliga.cz/c/kao/000_vysledky/001/001A1A1905_Zapis.html,A1A1905,Teplice,Slovan Liberec,1:0,0:0,3051
http://www.gambrinusliga.cz/c/kao/000_vysledky/001/001A1A1906_Zapis.html,A1A1906,Mladá Boleslav,Slavia Praha,3:2,2:1,4350
http://www.gambrinusliga.cz/c/kao/000_vysledky/001/001A1A1907_Zapis.html,A1A1907,Sigma Olomouc,Viktoria Žižkov,2:1,0:0,5547
http://www.gambrinusliga.cz/c/kao/000_vysledky/001/001A1A1908_Zapis.html,A1A1908,Sparta Praha,Viktoria Plzeň,1:3,1:2,17895
http://www.gambrinusliga.cz/c/kao/000_vysledky/001/001A1A2001_Zapis.html,A1A2001,Baník Ostrava,České Budějovice,1:1,0:0,8248
http://www.gambrinusliga.cz/c/kao/000_vysledky/001/001A1A2002_Zapis.html,A1A2002,Slovácko,Bohemians 1905,3:2,1:1,4876
http://www.gambrinusliga.cz/c/kao/000_vysledky/001/001A1A2003_Zapis.html,A1A2003,Viktoria Plzeň,Sigma Olomouc,0:4,0:0,7566
http://www.gambrinusliga.cz/c/kao/000_vysledky/001/001A1A2004_Zapis.html,A1A2004,Hradec Králové,Dukla Praha,0:2,0:0,3799
http://www.gambrinusliga.cz/c/kao/000_vysledky/001/001A1A2005_Zapis.html,A1A2005,Slavia Praha,Jablonec,0:0,0:0,4867
http://www.gambrinusliga.cz/c/kao/000_vysledky/001/001A1A2006_Zapis.html,A1A2006,Viktoria Žižkov,Sparta Praha,0:2,0:1,4218
http://www.gambrinusliga.cz/c/kao/000_vysledky/001/001A1A2007_Zapis.html,A1A2007,Slovan Liberec,Mladá Boleslav,2:1,0:1,4358
http://www.gambrinusliga.cz/c/kao/000_vysledky/001/001A1A2008_Zapis.html,A1A2008,Příbram,Teplice,0:0,0:0,2168
http://www.gambrinusliga.cz/c/kao/000_vysledky/001/001A1A2101_Zapis.html,A1A2101,Bohemians 1905,Hradec Králové,0:0,0:0,2542
http://www.gambrinusliga.cz/c/kao/000_vysledky/001/001A1A2102_Zapis.html,A1A2102,Dukla Praha,Slavia Praha,0:0,0:0,4258
http://www.gambrinusliga.cz/c/kao/000_vysledky/001/001A1A2103_Zapis.html,A1A2103,Jablonec,Viktoria Plzeň,0:2,0:2,4120
http://www.gambrinusliga.cz/c/kao/000_vysledky/001/001A1A2104_Zapis.html,A1A2104,České Budějovice,Slovácko,2:2,1:0,3621
http://www.gambrinusliga.cz/c/kao/000_vysledky/001/001A1A2105_Zapis.html,A1A2105,Teplice,Viktoria Žižkov,0:0,0:0,3470
http://www.gambrinusliga.cz/c/kao/000_vysledky/001/001A1A2106_Zapis.html,A1A2106,Mladá Boleslav,Příbram,2:2,0:1,4483
http://www.gambrinusliga.cz/c/kao/000_vysledky/001/001A1A2107_Zapis.html,A1A2107,Sigma Olomouc,Slovan Liberec,2:4,1:0,6828
http://www.gambrinusliga.cz/c/kao/000_vysledky/001/001A1A2108_Zapis.html,A1A2108,Sparta Praha,Baník Ostrava,2:0,0:0,12618
http://www.gambrinusliga.cz/c/kao/000_vysledky/001/001A1A2201_Zapis.html,A1A2201,Slovácko,Baník Ostrava,1:0,0:0,6355
http://www.gambrinusliga.cz/c/kao/000_vysledky/001/001A1A2202_Zapis.html,A1A2202,Viktoria Plzeň,České Budějovice,4:0,2:0,6751
http://www.gambrinusliga.cz/c/kao/000_vysledky/001/001A1A2203_Zapis.html,A1A2203,Hradec Králové,Mladá Boleslav,2:0,1:0,3982
http://www.gambrinusliga.cz/c/kao/000_vysledky/001/001A1A2204_Zapis.html,A1A2204,Slavia Praha,Sparta Praha,1:1,1:0,16516
http://www.gambrinusliga.cz/c/kao/000_vysledky/001/001A1A2205_Zapis.html,A1A2205,Viktoria Žižkov,Jablonec,4:2,3:1,1342
http://www.gambrinusliga.cz/c/kao/000_vysledky/001/001A1A2206_Zapis.html,A1A2206,Slovan Liberec,Bohemians 1905,3:0,1:0,5508
http://www.gambrinusliga.cz/c/kao/000_vysledky/001/001A1A2207_Zapis.html,A1A2207,Příbram,Dukla Praha,2:2,2:1,1868
http://www.gambrinusliga.cz/c/kao/000_vysledky/001/001A1A2208_Zapis.html,A1A2208,Teplice,Sigma Olomouc,3:1,0:1,4280
http://www.gambrinusliga.cz/c/kao/000_vysledky/001/001A1A2301_Zapis.html,A1A2301,Bohemians 1905,Viktoria Žižkov,1:2,1:0,2558
http://www.gambrinusliga.cz/c/kao/000_vysledky/001/001A1A2302_Zapis.html,A1A2302,Dukla Praha,Slovan Liberec,1:2,0:1,1683
http://www.gambrinusliga.cz/c/kao/000_vysledky/001/001A1A2303_Zapis.html,A1A2303,Jablonec,Slovácko,1:0,0:0,2145
http://www.gambrinusliga.cz/c/kao/000_vysledky/001/001A1A2304_Zapis.html,A1A2304,České Budějovice,Hradec Králové,1:0,0:0,2614
http://www.gambrinusliga.cz/c/kao/000_vysledky/001/001A1A2305_Zapis.html,A1A2305,Baník Ostrava,Viktoria Plzeň,2:3,0:2,7234
http://www.gambrinusliga.cz/c/kao/000_vysledky/001/001A1A2306_Zapis.html,A1A2306,Mladá Boleslav,Teplice,0:1,0:1,3021
http://www.gambrinusliga.cz/c/kao/000_vysledky/001/001A1A2307_Zapis.html,A1A2307,Sigma Olomouc,Slavia Praha,1:0,1:0,5283
http://www.gambrinusliga.cz/c/kao/000_vysledky/001/001A1A2308_Zapis.html,A1A2308,Sparta Praha,Příbram,0:2,0:1,8106
http://www.gambrinusliga.cz/c/kao/000_vysledky/001/001A1A2401_Zapis.html,A1A2401,Dukla Praha,Bohemians 1905,2:0,1:0,2857
http://www.gambrinusliga.cz/c/kao/000_vysledky/001/001A1A2402_Zapis.html,A1A2402,Viktoria Plzeň,Slovácko,1:0,1:0,9086
http://www.gambrinusliga.cz/c/kao/000_vysledky/001/001A1A2403_Zapis.html,A1A2403,Hradec Králové,Baník Ostrava,0:1,0:1,3912
http://www.gambrinusliga.cz/c/kao/000_vysledky/001/001A1A2404_Zapis.html,A1A2404,Slavia Praha,Viktoria Žižkov,2:0,0:0,3986
http://www.gambrinusliga.cz/c/kao/000_vysledky/001/001A1A2405_Zapis.html,A1A2405,Slovan Liberec,Sparta Praha,1:3,0:1,10000
http://www.gambrinusliga.cz/c/kao/000_vysledky/001/001A1A2406_Zapis.html,A1A2406,Příbram,Jablonec,4:3,2:1,2168
http://www.gambrinusliga.cz/c/kao/000_vysledky/001/001A1A2407_Zapis.html,A1A2407,Teplice,České Budějovice,0:1,0:1,3012
http://www.gambrinusliga.cz/c/kao/000_vysledky/001/001A1A2408_Zapis.html,A1A2408,Mladá Boleslav,Sigma Olomouc,2:3,1:1,1530
http://www.gambrinusliga.cz/c/kao/000_vysledky/001/001A1A2501_Zapis.html,A1A2501,Bohemians 1905,Mladá Boleslav,0:3,0:1,1980
http://www.gambrinusliga.cz/c/kao/000_vysledky/001/001A1A2502_Zapis.html,A1A2502,Jablonec,Dukla Praha,0:2,0:1,2085
http://www.gambrinusliga.cz/c/kao/000_vysledky/001/001A1A2503_Zapis.html,A1A2503,České Budějovice,Slavia Praha,1:0,0:0,3698
http://www.gambrinusliga.cz/c/kao/000_vysledky/001/001A1A2504_Zapis.html,A1A2504,Baník Ostrava,Slovan Liberec,1:3,1:2,4387
http://www.gambrinusliga.cz/c/kao/000_vysledky/001/001A1A2505_Zapis.html,A1A2505,Slovácko,Hradec Králové,0:3,0:1,4817
http://www.gambrinusliga.cz/c/kao/000_vysledky/001/001A1A2506_Zapis.html,A1A2506,Viktoria Žižkov,Viktoria Plzeň,0:0,0:0,1952
http://www.gambrinusliga.cz/c/kao/000_vysledky/001/001A1A2507_Zapis.html,A1A2507,Sigma Olomouc,Příbram,4:4,2:3,4322
http://www.gambrinusliga.cz/c/kao/000_vysledky/001/001A1A2508_Zapis.html,A1A2508,Sparta Praha,Teplice,2:2,0:1,9153
http://www.gambrinusliga.cz/c/kao/000_vysledky/001/001A1A2601_Zapis.html,A1A2601,Dukla Praha,Baník Ostrava,4:1,3:0,2497
http://www.gambrinusliga.cz/c/kao/000_vysledky/001/001A1A2602_Zapis.html,A1A2602,Hradec Králové,Viktoria Plzeň,0:1,0:1,5495
http://www.gambrinusliga.cz/c/kao/000_vysledky/001/001A1A2603_Zapis.html,A1A2603,Slavia Praha,Slovácko,0:1,0:1,4622
http://www.gambrinusliga.cz/c/kao/000_vysledky/001/001A1A2604_Zapis.html,A1A2604,Slovan Liberec,Viktoria Žižkov,4:0,0:0,5235
http://www.gambrinusliga.cz/c/kao/000_vysledky/001/001A1A2605_Zapis.html,A1A2605,Příbram,České Budějovice,1:2,0:1,3876
http://www.gambrinusliga.cz/c/kao/000_vysledky/001/001A1A2606_Zapis.html,A1A2606,Teplice,Jablonec,3:2,2:1,2589
http://www.gambrinusliga.cz/c/kao/000_vysledky/001/001A1A2607_Zapis.html,A1A2607,Mladá Boleslav,Sparta Praha,2:0,0:0,4596
http://www.gambrinusliga.cz/c/kao/000_vysledky/001/001A1A2608_Zapis.html,A1A2608,Sigma Olomouc,Bohemians 1905,4:0,3:0,5006
http://www.gambrinusliga.cz/c/kao/000_vysledky/001/001A1A2701_Zapis.html,A1A2701,Bohemians 1905,Příbram,2:0,2:0,2258
http://www.gambrinusliga.cz/c/kao/000_vysledky/001/001A1A2702_Zapis.html,A1A2702,Dukla Praha,Mladá Boleslav,1:2,0:2,2347
http://www.gambrinusliga.cz/c/kao/000_vysledky/001/001A1A2703_Zapis.html,A1A2703,Jablonec,Hradec Králové,2:0,1:0,2865
http://www.gambrinusliga.cz/c/kao/000_vysledky/001/001A1A2704_Zapis.html,A1A2704,České Budějovice,Slovan Liberec,0:4,0:1,3337
http://www.gambrinusliga.cz/c/kao/000_vysledky/001/001A1A2705_Zapis.html,A1A2705,Baník Ostrava,Viktoria Žižkov,3:1,1:0,11113
http://www.gambrinusliga.cz/c/kao/000_vysledky/001/001A1A2706_Zapis.html,A1A2706,Slovácko,Teplice,0:0,0:0,4457
http://www.gambrinusliga.cz/c/kao/000_vysledky/001/001A1A2707_Zapis.html,A1A2707,Viktoria Plzeň,Slavia Praha,3:0,3:0,11412
http://www.gambrinusliga.cz/c/kao/000_vysledky/001/001A1A2708_Zapis.html,A1A2708,Sparta Praha,Sigma Olomouc,1:0,1:0,7228
http://www.gambrinusliga.cz/c/kao/000_vysledky/001/001A1A2801_Zapis.html,A1A2801,Slavia Praha,Hradec Králové,5:0,3:0,4474
http://www.gambrinusliga.cz/c/kao/000_vysledky/001/001A1A2802_Zapis.html,A1A2802,Viktoria Žižkov,České Budějovice,2:0,1:0,1128
http://www.gambrinusliga.cz/c/kao/000_vysledky/001/001A1A2803_Zapis.html,A1A2803,Slovan Liberec,Slovácko,0:0,0:0,7250
http://www.gambrinusliga.cz/c/kao/000_vysledky/001/001A1A2804_Zapis.html,A1A2804,Příbram,Baník Ostrava,1:2,1:1,2867
http://www.gambrinusliga.cz/c/kao/000_vysledky/001/001A1A2805_Zapis.html,A1A2805,Teplice,Dukla Praha,4:0,3:0,2980
http://www.gambrinusliga.cz/c/kao/000_vysledky/001/001A1A2806_Zapis.html,A1A2806,Mladá Boleslav,Viktoria Plzeň,0:1,0:0,3854
http://www.gambrinusliga.cz/c/kao/000_vysledky/001/001A1A2807_Zapis.html,A1A2807,Sigma Olomouc,Jablonec,1:1,0:0,5575
http://www.gambrinusliga.cz/c/kao/000_vysledky/001/001A1A2808_Zapis.html,A1A2808,Sparta Praha,Bohemians 1905,1:0,0:0,8934
http://www.gambrinusliga.cz/c/kao/000_vysledky/001/001A1A2901_Zapis.html,A1A2901,Bohemians 1905,Teplice,0:0,0:0,1930
http://www.gambrinusliga.cz/c/kao/000_vysledky/001/001A1A2902_Zapis.html,A1A2902,Dukla Praha,Sparta Praha,1:1,0:0,4590
http://www.gambrinusliga.cz/c/kao/000_vysledky/001/001A1A2903_Zapis.html,A1A2903,Jablonec,Slovan Liberec,0:2,0:0,6040
http://www.gambrinusliga.cz/c/kao/000_vysledky/001/001A1A2904_Zapis.html,A1A2904,České Budějovice,Mladá Boleslav,1:0,0:0,2502
http://www.gambrinusliga.cz/c/kao/000_vysledky/001/001A1A2905_Zapis.html,A1A2905,Baník Ostrava,Slavia Praha,3:0,2:0,13127
http://www.gambrinusliga.cz/c/kao/000_vysledky/001/001A1A2906_Zapis.html,A1A2906,Slovácko,Viktoria Žižkov,2:1,1:1,6895
http://www.gambrinusliga.cz/c/kao/000_vysledky/001/001A1A2907_Zapis.html,A1A2907,Viktoria Plzeň,Příbram,5:0,3:0,11142
http://www.gambrinusliga.cz/c/kao/000_vysledky/001/001A1A2908_Zapis.html,A1A2908,Hradec Králové,Sigma Olomouc,1:2,0:1,4102
http://www.gambrinusliga.cz/c/kao/000_vysledky/001/001A1A3001_Zapis.html,A1A3001,Slavia Praha,Bohemians 1905,3:1,0:0,4989
http://www.gambrinusliga.cz/c/kao/000_vysledky/001/001A1A3002_Zapis.html,A1A3002,Viktoria Žižkov,Hradec Králové,1:1,0:0,890
http://www.gambrinusliga.cz/c/kao/000_vysledky/001/001A1A3003_Zapis.html,A1A3003,Slovan Liberec,Viktoria Plzeň,0:0,0:0,9900
http://www.gambrinusliga.cz/c/kao/000_vysledky/001/001A1A3004_Zapis.html,A1A3004,Příbram,Slovácko,0:4,0:1,1128
http://www.gambrinusliga.cz/c/kao/000_vysledky/001/001A1A3005_Zapis.html,A1A3005,Teplice,Baník Ostrava,1:1,0:0,2890
http://www.gambrinusliga.cz/c/kao/000_vysledky/001/001A1A3006_Zapis.html,A1A3006,Mladá Boleslav,Jablonec,3:0,2:0,2014
http://www.gambrinusliga.cz/c/kao/000_vysledky/001/001A1A3007_Zapis.html,A1A3007,Sigma Olomouc,Dukla Praha,2:1,1:1,4153
http://www.gambrinusliga.cz/c/kao/000_vysledky/001/001A1A3008_Zapis.html,A1A3008,Sparta Praha,České Budějovice,3:0,2:0,6157
